1,13855096894,user123456
2,13958183415,user123456
3,18742664526,user123456
4,18713853609,user123456
5,15811416277,user123456
6,18733886259,user123456
7,13840036832,user123456
8,13910563268,user123456
9,13851544770,user123456
10,18744493904,user123456
11,15828489512,user123456
12,13918402924,user123456
13,15847113698,user123456
14,13831849237,user123456
15,18739107201,user123456
16,13847443068,user123456
17,15814311580,user123456
18,13955158955,user123456
19,13942862212,user123456
20,18711717287,user123456
21,18744480995,user123456
22,15829629450,user123456
23,13964487924,user123456
24,18547088833,user123456
25,18537788394,user123456
26,13828067309,user123456
27,18737965767,user123456
28,18763375197,user123456
29,18523992295,user123456
30,13844771354,user123456
31,18763994479,user123456
32,13855678283,user123456
33,13930758315,user123456
34,13815114733,user123456
35,18539735912,user123456
36,18535684380,user123456
37,15851531614,user123456
38,18746229463,user123456
39,13919558784,user123456
40,15819063331,user123456
41,15855898341,user123456
42,13959674535,user123456
43,13854586882,user123456
44,15813324315,user123456
45,18765428885,user123456
46,18515799218,user123456
47,15859133979,user123456
48,15848913757,user123456
49,18729174681,user123456
50,18733547150,user123456
51,15815838095,user123456
52,13936863100,user123456
53,15839640642,user123456
54,13929034966,user123456
55,18560196769,user123456
56,13811807211,user123456
57,13814424820,user123456
58,15839774514,user123456
59,18555023979,user123456
60,18752936378,user123456
61,15813528884,user123456
62,13914904822,user123456
63,13953213061,user123456
64,15839872396,user123456
65,15837390598,user123456
66,13921044457,user123456
67,18758644995,user123456
68,13856899128,user123456
69,15814773603,user123456
70,18721286634,user123456
71,18754371461,user123456
72,13844181198,user123456
73,15817286961,user123456
74,18511569052,user123456
75,15830415624,user123456
76,13830359367,user123456
77,13941522814,user123456
78,18716442961,user123456
79,18715401132,user123456
80,13941224773,user123456
81,13950083475,user123456
82,18559657082,user123456
83,13829478685,user123456
84,18728802727,user123456
85,18514800511,user123456
86,13861362735,user123456
87,18542664599,user123456
88,13832517474,user123456
89,18752220434,user123456
90,18749679054,user123456
91,15861933078,user123456
92,13831524583,user123456
93,13857830881,user123456
94,18723844617,user123456
95,13844383381,user123456
96,13827891332,user123456
97,13933913736,user123456
98,15844987838,user123456
99,15813061448,user123456
100,18519613683,user123456
101,13849313199,user123456
102,13931482611,user123456
103,15838001474,user123456
104,18736853599,user123456
105,15852338468,user123456
106,15816248873,user123456
107,13822047702,user123456
108,15815791604,user123456
109,18741713258,user123456
110,18559286556,user123456
111,18710950589,user123456
112,13854376673,user123456
113,15845083631,user123456
114,15820593788,user123456
115,13839917493,user123456
116,13962698035,user123456
117,18552735080,user123456
118,18748215214,user123456
119,18711657238,user123456
120,13853557379,user123456
121,18528471795,user123456
122,18762838528,user123456
123,18750747676,user123456
124,13950903831,user123456
125,15851968967,user123456
126,18744691798,user123456
127,13836239461,user123456
128,18554879001,user123456
129,18529177652,user123456
130,13952743629,user123456
131,18719166940,user123456
132,13864776479,user123456
133,18750833038,user123456
134,15820632797,user123456
135,18524420968,user123456
136,15844015938,user123456
137,18722218734,user123456
138,13916410946,user123456
139,13931968023,user123456
140,13921764633,user123456
141,18722302801,user123456
142,13914490159,user123456
143,13850293813,user123456
144,18728883675,user123456
145,13859618783,user123456
146,13931618143,user123456
147,13861035948,user123456
148,18717259504,user123456
149,13858106331,user123456
150,13913584566,user123456
151,18739332365,user123456
152,13845420027,user123456
153,18742496557,user123456
154,18727380936,user123456
155,13822631308,user123456
156,15854130758,user123456
157,13956812013,user123456
158,18712864314,user123456
159,15818581018,user123456
160,13859014340,user123456
161,15828408757,user123456
162,18554904231,user123456
163,18718136302,user123456
164,18746186006,user123456
165,18757891226,user123456
166,18734340142,user123456
167,13941682763,user123456
168,18710060661,user123456
169,18730718935,user123456
170,13917240472,user123456
171,13923310755,user123456
172,15863705454,user123456
173,18761550060,user123456
174,18749829605,user123456
175,13861260862,user123456
176,15810147427,user123456
177,18556746163,user123456
178,15843381858,user123456
179,18559712036,user123456
180,13920215505,user123456
181,15860965864,user123456
182,18516809307,user123456
183,13949614067,user123456
184,18737856092,user123456
185,13917406755,user123456
186,15859851477,user123456
187,13934280820,user123456
188,13920814732,user123456
189,15864931398,user123456
190,18711199491,user123456
191,18515207333,user123456
192,13828987942,user123456
193,13911714877,user123456
194,15832291543,user123456
195,18547442450,user123456
196,13821036156,user123456
197,13823497577,user123456
198,13938233280,user123456
199,15858056118,user123456
200,18753314999,user123456
